{"organisation":"PSMA","name":"street_line_201808","title":"PSMA Street Network (August 2018)","legal":{"copyrightYear":"2018","attributionYear":"2018","attribution":"{datasource.organisationTitle}, {dataset.title}; accessed from AURIN on {dateOfAccess}.","clickthrough":true,"termsUrl":"https://apps.aurin.org.au/gate/copyright/PSMA/PSMA_terms.pdf","licenceType":"Data Licence (PSMA Distribution Pty Limited)","copyrightNotice":"Administrative Boundaries, CadLite, Features of Interest, G-NAF, G-NAF Lite, G-NAF Lice, Land Tenure, Postcode Boundaries and Transport and Topography are &copy; PSMA Australia Limited.","additionalInformation":"Refer to the Product Description for further information <a href='https://www.psma.com.au/sites/default/files/transport_and_topography_product_description_0.pdf' target='_blank'> https://www.psma.com.au/sites/default/files/transport_and_topography_product_description_0.pdf"},"referenceSystemIdentifier":"urn:x-ogc:def:crs:EPSG:4283","geoLevel":"NA","key":"st_lne_pid","keyRegex":null,"availability":"true","geomField":"wkb_geometry","keyword":"street,line,network,psma,transport and topography","theme":null,"temporalExtent":{"beginDate":"2018-08-01T00:00:00","endDate":"2018-08-01T00:00:00","selectTime":false},"type":"dataset","_id":"dataset-PSMA-street_line_201808-NA","bbox":null,"abstract":"PSMA Street Network. A national coverage of street network at all levels. Roads data covers everything from major highways to walking paths.","selectedAttributes":[{"name":"st_lne_pid","type":"String","title":"PSMA identifier","description":"PSMA primary key","stype":"nominal","isDimension":false},{"name":"access_cd","type":"Double","title":"User access","description":"Restrictions on access to the road.","stype":"nominal","categories":[{"key":"0","label":"0"},{"key":"1","label":"1"},{"key":"2","label":"2"},{"key":"3","label":"3"},{"key":"4","label":"4"}],"filterValue":"Possible filter values","isDimension":false},{"name":"authrty_cd","type":"Double","title":"Road authority","description":"The authority in which this road is vested, and which entity is responsible for the upkeep of the road.","stype":"nominal","categories":[{"key":"0","label":"0"},{"key":"1","label":"1"},{"key":"2","label":"2"},{"key":"3","label":"3"},{"key":"4","label":"4"},{"key":"8","label":"8"},{"key":"9","label":"9"},{"key":"16","label":"16"},{"key":"98","label":"98"},{"key":"99","label":"99"}],"filterValue":"Possible filter values","isDimension":false},{"name":"dirn_cd","type":"Double","title":"Street direction","description":"Can traffic travel in only one direction?","stype":"nominal","categories":[{"key":"0","label":"0"},{"key":"1","label":"1"},{"key":"2","label":"2"},{"key":"3","label":"3"}],"filterValue":"Possible filter values","isDimension":false},{"name":"full_name","type":"String","title":"Full street name","description":"The full name of the street","stype":"nominal","isDimension":false},{"name":"grrel_code","type":"Double","title":"Ground relationship","description":"The relationship of the road to the ground","stype":"nominal","categories":[{"key":"0","label":"0"},{"key":"1","label":"1"},{"key":"2","label":"2"},{"key":"3","label":"3"},{"key":"4","label":"4"},{"key":"5","label":"5"}],"filterValue":"Possible filter values","isDimension":false},{"name":"hght_lmt_m","type":"Double","title":"Height limit","description":"The height limit of the road section, in metres.","stype":"ratio","isDimension":false},{"name":"jrsdctn_id","type":"String","title":"Jurisdiction identifier","description":"The ID of the street according to the jurisdiction.","stype":"nominal","isDimension":false},{"name":"lanes_cd","type":"Double","title":"Number of lanes","description":"The number of lanes in the road","stype":"nominal","categories":[{"key":"0","label":"0"},{"key":"1","label":"1"},{"key":"2","label":"2"}],"filterValue":"Possible filter values","isDimension":false},{"name":"route_num","type":"String","title":"Route number","description":"The state/federal route number for the street","stype":"nominal","isDimension":false},{"name":"rt_cls_cd","type":"Double","title":"Route class","description":"The state/federal route class for the street","stype":"nominal","categories":[{"key":"1","label":"1"},{"key":"2","label":"2"},{"key":"7","label":"7"},{"key":null,"label":null}],"filterValue":"Possible filter values","isDimension":false},{"name":"sftyp_code","type":"Double","title":"Road surface","description":"The type of road surface","stype":"nominal","categories":[{"key":"1","label":"1"},{"key":"2","label":"2"},{"key":"3","label":"3"},{"key":"4","label":"4"},{"key":"5","label":"5"}],"filterValue":"Possible filter values","isDimension":false},{"name":"spd_lmt_km","type":"Double","title":"Speed limit","description":"The speed limit of the road section, in km/h.","stype":"ratio","isDimension":false},{"name":"state_pid","type":"String","title":"State or territory","description":"The state or territory of the street","stype":"nominal","isDimension":false},{"name":"subtype_cd","type":"Double","title":"Street subtype","description":"The street subtype","stype":"nominal","categories":[{"key":"0","label":"0"},{"key":"1","label":"1"},{"key":"2","label":"2"},{"key":"3","label":"3"},{"key":"4","label":"4"},{"key":"5","label":"5"},{"key":"6","label":"6"},{"key":"7","label":"7"},{"key":"8","label":"8"},{"key":"9","label":"9"}],"filterValue":"Possible filter values","isDimension":false},{"name":"thier_code","type":"Double","title":"Transport Hierarchy","description":"The level of this road in the transport hierarchy.","stype":"nominal","categories":[{"key":"301","label":"301"},{"key":"302","label":"302"},{"key":"303","label":"303"},{"key":"304","label":"304"},{"key":"305","label":"305"},{"key":"308","label":"308"},{"key":"309","label":"309"},{"key":"400","label":"400"},{"key":"600","label":"600"}],"filterValue":"Possible filter values","isDimension":false},{"name":"trffcbl_cd","type":"Double","title":"Trafficability","description":"What types of vehicles may use this road","stype":"nominal","categories":[{"key":"0","label":"0"},{"key":"1","label":"1"},{"key":"2","label":"2"},{"key":"3","label":"3"},{"key":"4","label":"4"}],"filterValue":"Possible filter values","isDimension":false},{"name":"wght_lmt_t","type":"Double","title":"Weight limit","description":"The weight limit of the road section, in tonnes.","stype":"ratio","isDimension":false},{"name":"wkb_geometry","type":"Geometry","title":"Geometry","description":"Geometry","stype":"nominal","isDimension":false}],"filter":{"filterType":"tabular","spatial":{"bbox":[144.78947945195,-37.890818022454,145.16164131712,-37.632427541522]}}}